COMMON_NAME,dl,COMMON_NAME_Original
Barrows goldeneye,0,Barrow's goldeneye
Gambels quail,0,Gambel's quail
Rosss goose,0,Ross's goose
Stellers eider,0,Steller's eider
Barn swallow,0,Barn swallow
Black rail,0,Black rail
Bluethroat,0,Bluethroat
Buff-collared nightjar,0,Buff-collared nightjar
Burrowing owl,0,Burrowing owl
California gnatcatcher,0,California gnatcatcher
California towhee,0,California towhee
Christmas shearwater,0,Christmas shearwater
Common crane,0,Common crane
Common hill myna,0,Common hill myna
Common myna,0,Common myna
Common rosefinch,0,Common rosefinch
Eastern whip-poor-will,0,Eastern whip-poor-will
Elegant trogon,0,Elegant trogon
Eurasian siskin,0,Eurasian siskin
Evening grosbeak,0,Evening grosbeak
Fork-tailed flycatcher,0,Fork-tailed flycatcher
Fox sparrow,0,Fox sparrow
Greater roadrunner,0,Greater roadrunner
Greater sage-grouse,0,Greater sage-grouse
Greenish elaenia,0,Greenish elaenia
Gyrfalcon,0,Gyrfalcon
Hawaiian coot,0,Hawaiian coot
Hawaiian rail,0,Hawaiian rail
Hermit warbler,0,Hermit warbler
Kermadec petrel,0,Kermadec petrel
King rail,0,King rail
Laughing gull,0,Laughing gull
Lesser frigatebird,0,Lesser frigatebird
Lesser goldfinch,0,Lesser goldfinch
Long-billed murrelet,0,Long-billed murrelet
Louisiana waterthrush,0,Louisiana waterthrush
Marsh sandpiper,0,Marsh sandpiper
Mississippi kite,0,Mississippi kite
Mitred parakeet,0,Mitred parakeet
Mountain bluebird,0,Mountain bluebird
Mourning dove,0,Mourning dove
Mourning warbler,0,Mourning warbler
Narcissus flycatcher,0,Narcissus flycatcher
Northern jacana,0,Northern jacana
Northern parula,0,Northern parula
Pine bunting,0,Pine bunting
Pin-tailed snipe,0,Pin-tailed snipe
Red-bellied woodpecker,0,Red-bellied woodpecker
Red-winged blackbird,0,Red-winged blackbird
Rosy-faced lovebird,0,Rosy-faced lovebird
Sanderling,0,Sanderling
Siberian rubythroat,0,Siberian rubythroat
Sooty shearwater,0,Sooty shearwater
Stygian owl,0,Stygian owl
Tricolored heron,0,Tricolored heron
Trindade petrel,0,Trindade petrel
White tern,0,White tern
White-throated thrush,0,White-throated thrush
White-winged dove,0,White-winged dove
Willow flycatcher,0,Willow flycatcher
Kauai oo,0,Kauai oo
Oahu oo,0,Oahu oo
Bishops oo,0,Bishop's oo
Hawaii oo,0,Hawaii oo
Aberts towhee,1,Abert's towhee
Adelaides warbler,1,Adelaide's warbler
Allens hummingbird,1,Allen's hummingbird
Annas hummingbird,1,Anna's hummingbird
Audubons oriole,1,Audubon's oriole
Audubons shearwater,1,Audubon's shearwater
Bachmans sparrow,1,Bachman's sparrow
Bachmans warbler,1,Bachman's warbler
Bairds sandpiper,1,Baird's sandpiper
Bairds sparrow,1,Baird's sparrow
Belchers gull,1,Belcher's gull
Bells sparrow,1,Bell's sparrow
Bells vireo,1,Bell's vireo
Bendires thrasher,1,Bendire's thrasher
Bewicks wren,1,Bewick's wren
Bicknells thrush,1,Bicknell's thrush
Blyths reed warbler,1,Blyth's reed warbler
Bonapartes gull,1,Bonaparte's gull
Botteris sparrow,1,Botteri's sparrow
Brandts cormorant,1,Brandt's cormorant
Brewers blackbird,1,Brewer's blackbird
Brewers sparrow,1,Brewer's sparrow
Bryans shearwater,1,Bryan's shearwater
Bullers shearwater,1,Buller's shearwater
Bullocks oriole,1,Bullock's oriole
Bulwers petrel,1,Bulwer's petrel
Cassins auklet,1,Cassin's auklet
Cassins finch,1,Cassin's finch
Cassins kingbird,1,Cassin's kingbird
Cassins sparrow,1,Cassin's sparrow
Cassins vireo,1,Cassin's vireo
Chuck-wills-widow,1,Chuck-will's-widow
Clarks grebe,1,Clark's grebe
Clarks nutcracker,1,Clark's nutcracker
Cooks petrel,1,Cook's petrel
Coopers hawk,1,Cooper's hawk
Corys shearwater,1,Cory's shearwater
Costas hummingbird,1,Costa's hummingbird
Couchs kingbird,1,Couch's kingbird
Craveris murrelet,1,Craveri's murrelet
Erckels francolin,1,Erckel's francolin
Feas petrel,1,Fea's petrel
Forsters tern,1,Forster's tern
Franklins gull,1,Franklin's gull
Graces warbler,1,Grace's warbler
Hammonds flycatcher,1,Hammond's flycatcher
Harriss hawk,1,Harris's hawk
Harriss sparrow,1,Harris's sparrow
Heermanns gull,1,Heermann's gull
Henslows sparrow,1,Henslow's sparrow
Huttons vireo,1,Hutton's vireo
Jouanins petrel,1,Jouanin's petrel
Kirtlands warbler,1,Kirtland's warbler
Kittlitzs murrelet,1,Kittlitz's murrelet
Lanai hookbill,1,Lanai hookbill
La Sagras flycatcher,1,La Sagra's flycatcher
Lawrences goldfinch,1,Lawrence's goldfinch
Lewiss woodpecker,1,Lewis's woodpecker
Lincolns sparrow,1,Lincoln's sparrow
Lucys warbler,1,Lucy's warbler
MacGillivrays warbler,1,MacGillivray's warbler
McCowns longspur,1,McCown's longspur
McKays bunting,1,McKay's bunting
Murphys petrel,1,Murphy's petrel
Nelsons sparrow,1,Nelson's sparrow
Newells shearwater,1,Newell's shearwater
Nuttalls woodpecker,1,Nuttall's woodpecker
Nuttings flycatcher,1,Nutting's flycatcher
Kauai elepaio,1,Kauai elepaio
Oahu elepaio,1,Oahu elepaio
Hawaii elepaio,1,Hawaii elepaio
Pallass leaf warbler,1,Pallas's leaf warbler
Pallass rosefinch,1,Pallas's rosefinch
Ridgways rail,1,Ridgway's rail
Rosss gull,1,Ross's gull
Sabines gull,1,Sabine's gull
Salvins albatross,1,Salvin's albatross
Says phoebe,1,Say's phoebe
Scotts oriole,1,Scott's oriole
Scrippss murrelet,1,Scripps's murrelet
Smiths longspur,1,Smith's longspur
Spragues pipit,1,Sprague's pipit
Stejnegers petrel,1,Stejneger's petrel
Stellers jay,1,Steller's jay
Swainsons hawk,1,Swainson's hawk
Swainsons thrush,1,Swainson's thrush
Swainsons warbler,1,Swainson's warbler
Temmincks stint,1,Temminck's stint
Townsends shearwater,1,Townsend's shearwater
Townsends solitaire,1,Townsend's solitaire
Townsends warbler,1,Townsend's warbler
Vauxs swift,1,Vaux's swift
Virginias warbler,1,Virginia's warbler
Williamsons sapsucker,1,Williamson's sapsucker
Wilsons phalarope,1,Wilson's phalarope
Wilsons plover,1,Wilson's plover
Wilsons snipe,1,Wilson's snipe
Wilsons warbler,1,Wilson's warbler
Worthens sparrow,1,Worthen's sparrow
Xantuss hummingbird,1,Xantus's hummingbird
Zinos petrel,1,Zino's petrel
Acadian flycatcher,1,Acadian flycatcher
Acorn woodpecker,1,Acorn woodpecker
African silverbill,1,African silverbill
African stonechat,1,African stonechat
Alder flycatcher,1,Alder flycatcher
Aleutian tern,1,Aleutian tern
Altamira oriole,1,Altamira oriole
Amazon kingfisher,1,Amazon kingfisher
American avocet,1,American avocet
American bittern,1,American bittern
American black duck,1,American black duck
American coot,1,American coot
American crow,1,American crow
American dipper,1,American dipper
American flamingo,1,American flamingo
American goldfinch,1,American goldfinch
American kestrel,1,American kestrel
American oystercatcher,1,American oystercatcher
American redstart,1,American redstart
American robin,1,American robin
American three-toed woodpecker,1,American three-toed woodpecker
American tree sparrow,1,American tree sparrow
American white pelican,1,American white pelican
American wigeon,1,American wigeon
American woodcock,1,American woodcock
Ancient murrelet,1,Ancient murrelet
Anhinga,1,Anhinga
Antillean nighthawk,1,Antillean nighthawk
Aplomado falcon,1,Aplomado falcon
Arctic tern,1,Arctic tern
Arctic warbler,1,Arctic warbler
Arizona woodpecker,1,Arizona woodpecker
Ash-throated flycatcher,1,Ash-throated flycatcher
Asian brown flycatcher,1,Asian brown flycatcher
Atlantic puffin,1,Atlantic puffin
Aztec thrush,1,Aztec thrush
Bahama mockingbird,1,Bahama mockingbird
Bahama swallow,1,Bahama swallow
Bahama woodstar,1,Bahama woodstar
Baikal teal,1,Baikal teal
Bald eagle,1,Bald eagle
Baltimore oriole,1,Baltimore oriole
Bananaquit,1,Bananaquit
Band-tailed pigeon,1,Band-tailed pigeon
Barn owl,1,Barn owl
Barolo shearwater,1,Barolo shearwater
Barred owl,1,Barred owl
Bar-tailed godwit,1,Bar-tailed godwit
Bay-breasted warbler,1,Bay-breasted warbler
Belted kingfisher,1,Belted kingfisher
Bermuda petrel,1,Bermuda petrel
Berylline hummingbird,1,Berylline hummingbird
Black francolin,1,Black francolin
Black guillemot,1,Black guillemot
Black kite,1,Black kite
Black mamo,1,Black mamo
Black noddy,1,Black noddy
Black oystercatcher,1,Black oystercatcher
Black phoebe,1,Black phoebe
Black skimmer,1,Black skimmer
Black tern,1,Black tern
Black turnstone,1,Black turnstone
Black vulture,1,Black vulture
Black-and-white warbler,1,Black-and-white warbler
Black-backed woodpecker,1,Black-backed woodpecker
Black-billed cuckoo,1,Black-billed cuckoo
Black-billed magpie,1,Black-billed magpie
Black-browed albatross,1,Black-browed albatross
Blackburnian warbler,1,Blackburnian warbler
Black-capped chickadee,1,Black-capped chickadee
Black-capped gnatcatcher,1,Black-capped gnatcatcher
Black-capped petrel,1,Black-capped petrel
Black-capped vireo,1,Black-capped vireo
Black-cheeked warbler,1,Black-cheeked warbler
Black-chinned hummingbird,1,Black-chinned hummingbird
Black-chinned sparrow,1,Black-chinned sparrow
Black-crested titmouse,1,Black-crested titmouse
Black-faced grassquit,1,Black-faced grassquit
Black-footed albatross,1,Black-footed albatross
Black-headed grosbeak,1,Black-headed grosbeak
Black-headed gull,1,Black-headed gull
Black-headed nightingale-thrush,1,Black-headed nightingale-thrush
Black-legged kittiwake,1,Black-legged kittiwake
Black-necked stilt,1,Black-necked stilt
Blackpoll warbler,1,Blackpoll warbler
Black-rumped waxbill,1,Black-rumped waxbill
Black-tailed gnatcatcher,1,Black-tailed gnatcatcher
Black-tailed godwit,1,Black-tailed godwit
Black-tailed gull,1,Black-tailed gull
Black-throated blue warbler,1,Black-throated blue warbler
Black-throated green warbler,1,Black-throated green warbler
Black-throated sparrow,1,Black-throated sparrow
Black-vented oriole,1,Black-vented oriole
Black-vented shearwater,1,Black-vented shearwater
Black-whiskered vireo,1,Black-whiskered vireo
Black-winged petrel,1,Black-winged petrel
Black-winged stilt,1,Black-winged stilt
Blue bunting,1,Blue bunting
Blue grosbeak,1,Blue grosbeak
Blue jay,1,Blue jay
Blue mockingbird,1,Blue mockingbird
Blue-footed booby,1,Blue-footed booby
Blue-headed vireo,1,Blue-headed vireo
Blue-winged warbler,1,Blue-winged warbler
Boat-tailed grackle,1,Boat-tailed grackle
Bobolink,1,Bobolink
Bohemian waxwing,1,Bohemian waxwing
Bonin petrel,1,Bonin petrel
Boreal chickadee,1,Boreal chickadee
Boreal owl,1,Boreal owl
Brambling,1,Brambling
Bridled tern,1,Bridled tern
Bridled titmouse,1,Bridled titmouse
Bristle-thighed curlew,1,Bristle-thighed curlew
Broad-billed hummingbird,1,Broad-billed hummingbird
Broad-billed sandpiper,1,Broad-billed sandpiper
Broad-tailed hummingbird,1,Broad-tailed hummingbird
Broad-winged hawk,1,Broad-winged hawk
Bronzed cowbird,1,Bronzed cowbird
Brown booby,1,Brown booby
Brown creeper,1,Brown creeper
Brown jay,1,Brown jay
Brown noddy,1,Brown noddy
Brown pelican,1,Brown pelican
Brown shrike,1,Brown shrike
Brown thrasher,1,Brown thrasher
Brown-backed solitaire,1,Brown-backed solitaire
Brown-chested martin,1,Brown-chested martin
Brown-crested flycatcher,1,Brown-crested flycatcher
Brown-headed cowbird,1,Brown-headed cowbird
Brown-headed nuthatch,1,Brown-headed nuthatch
Budgerigar,1,Budgerigar
Buff-bellied hummingbird,1,Buff-bellied hummingbird
Buff-breasted flycatcher,1,Buff-breasted flycatcher
Buff-breasted sandpiper,1,Buff-breasted sandpiper
Bumblebee hummingbird,1,Bumblebee hummingbird
Cactus wren,1,Cactus wren
California condor,1,California condor
California gull,1,California gull
California thrasher,1,California thrasher
Calliope hummingbird,1,Calliope hummingbird
Canada goose,1,Canada goose
Canada warbler,1,Canada warbler
Canyon towhee,1,Canyon towhee
Canyon wren,1,Canyon wren
Cape May warbler,1,Cape May warbler
Cape Verde shearwater,1,Cape Verde shearwater
Carolina chickadee,1,Carolina chickadee
Carolina parakeet,1,Carolina parakeet
Carolina wren,1,Carolina wren
Caspian tern,1,Caspian tern
Cassia crossbill,1,Cassia crossbill
Cattle egret,1,Cattle egret
Cave swallow,1,Cave swallow
Cedar waxwing,1,Cedar waxwing
Cerulean warbler,1,Cerulean warbler
Chatham albatross,1,Chatham albatross
Chestnut-backed chickadee,1,Chestnut-backed chickadee
Chestnut-bellied sandgrouse,1,Chestnut-bellied sandgrouse
Chestnut-collared longspur,1,Chestnut-collared longspur
Chestnut-sided warbler,1,Chestnut-sided warbler
Chihuahuan raven,1,Chihuahuan raven
Chimney swift,1,Chimney swift
Chinese egret,1,Chinese egret
Chinese sparrowhawk,1,Chinese sparrowhawk
Chipping sparrow,1,Chipping sparrow
Cinnamon hummingbird,1,Cinnamon hummingbird
Citrine wagtail,1,Citrine wagtail
Clapper rail,1,Clapper rail
Clay-colored sparrow,1,Clay-colored sparrow
Clay-colored thrush,1,Clay-colored thrush
Colima warbler,1,Colima warbler
Collared plover,1,Collared plover
Common black hawk,1,Common black hawk
Common chaffinch,1,Common chaffinch
Common chiffchaff,1,Common chiffchaff
Common cuckoo,1,Common cuckoo
Common eider,1,Common eider
Common gallinule,1,Common gallinule
Common grackle,1,Common grackle
Common greenshank,1,Common greenshank
Common loon,1,Common loon
Common murre,1,Common murre
Common nighthawk,1,Common nighthawk
Common poorwill,1,Common poorwill
Common raven,1,Common raven
Common redpoll,1,Common redpoll
Common redshank,1,Common redshank
Common redstart,1,Common redstart
Common ringed plover,1,Common ringed plover
Common sandpiper,1,Common sandpiper
Common snipe,1,Common snipe
Common swift,1,Common swift
Common tern,1,Common tern
Common waxbill,1,Common waxbill
Common yellowthroat,1,Common yellowthroat
Connecticut warbler,1,Connecticut warbler
Cordilleran flycatcher,1,Cordilleran flycatcher
Corn crake,1,Corn crake
Crane hawk,1,Crane hawk
Crescent-chested warbler,1,Crescent-chested warbler
Crested auklet,1,Crested auklet
Crimson-collared grosbeak,1,Crimson-collared grosbeak
Crissal thrasher,1,Crissal thrasher
Crowned slaty flycatcher,1,Crowned slaty flycatcher
Cuban martin,1,Cuban martin
Cuban pewee,1,Cuban pewee
Curlew sandpiper,1,Curlew sandpiper
Curve-billed thrasher,1,Curve-billed thrasher
Dark-eyed junco,1,Dark-eyed junco
Dark-sided flycatcher,1,Dark-sided flycatcher
Dickcissel,1,Dickcissel
Double-crested cormorant,1,Double-crested cormorant
Double-striped thick-knee,1,Double-striped thick-knee
Double-toothed kite,1,Double-toothed kite
Downy woodpecker,1,Downy woodpecker
Dunlin,1,Dunlin
Dusky grouse,1,Dusky grouse
Dusky thrush,1,Dusky thrush
Dusky warbler,1,Dusky warbler
Dusky-capped flycatcher,1,Dusky-capped flycatcher
Eared quetzal,1,Eared quetzal
Eastern bluebird,1,Eastern bluebird
Eastern kingbird,1,Eastern kingbird
Eastern meadowlark,1,Eastern meadowlark
Eastern phoebe,1,Eastern phoebe
Eastern towhee,1,Eastern towhee
Eastern yellow wagtail,1,Eastern yellow wagtail
Elegant tern,1,Elegant tern
Elf owl,1,Elf owl
Eskimo curlew,1,Eskimo curlew
Eurasian bullfinch,1,Eurasian bullfinch
Eurasian coot,1,Eurasian coot
Eurasian curlew,1,Eurasian curlew
Eurasian dotterel,1,Eurasian dotterel
Eurasian hobby,1,Eurasian hobby
Eurasian oystercatcher,1,Eurasian oystercatcher
Eurasian skylark,1,Eurasian skylark
Eurasian woodcock,1,Eurasian woodcock
Eurasian wryneck,1,Eurasian wryneck
Eyebrowed thrush,1,Eyebrowed thrush
Far Eastern curlew,1,Far Eastern curlew
Ferruginous hawk,1,Ferruginous hawk
Field sparrow,1,Field sparrow
Fieldfare,1,Fieldfare
Fish crow,1,Fish crow
Five-striped sparrow,1,Five-striped sparrow
Flame-colored tanager,1,Flame-colored tanager
Flammulated owl,1,Flammulated owl
Flesh-footed shearwater,1,Flesh-footed shearwater
Gila woodpecker,1,Gila woodpecker
Gilded flicker,1,Gilded flicker
Glaucous gull,1,Glaucous gull
Glaucous-winged gull,1,Glaucous-winged gull
Glossy ibis,1,Glossy ibis
Golden eagle,1,Golden eagle
Golden-cheeked warbler,1,Golden-cheeked warbler
Golden-crowned kinglet,1,Golden-crowned kinglet
Golden-crowned sparrow,1,Golden-crowned sparrow
Golden-crowned warbler,1,Golden-crowned warbler
Golden-fronted woodpecker,1,Golden-fronted woodpecker
Golden-winged warbler,1,Golden-winged warbler
Grasshopper sparrow,1,Grasshopper sparrow
Great auk,1,Great auk
Great black-backed gull,1,Great black-backed gull
Great blue heron,1,Great blue heron
Great cormorant,1,Great cormorant
Great crested flycatcher,1,Great crested flycatcher
Great egret,1,Great egret
Great frigatebird,1,Great frigatebird
Great horned owl,1,Great horned owl
Great kiskadee,1,Great kiskadee
Great knot,1,Great knot
Great shearwater,1,Great shearwater
Great skua,1,Great skua
Great spotted woodpecker,1,Great spotted woodpecker
Greater amakihi,1,Greater amakihi
Greater necklaced laughingthrush,1,Greater necklaced laughingthrush
Greater pewee,1,Greater pewee
Greater yellowlegs,1,Greater yellowlegs
Great-tailed grackle,1,Great-tailed grackle
Great-winged petrel,1,Great-winged petrel
Green heron,1,Green heron
Green jay,1,Green jay
Green kingfisher,1,Green kingfisher
Green parakeet,1,Green parakeet
Green sandpiper,1,Green sandpiper
Green-breasted mango,1,Green-breasted mango
Green-tailed towhee,1,Green-tailed towhee
Groove-billed ani,1,Groove-billed ani
Guadalupe murrelet,1,Guadalupe murrelet
Gull-billed tern,1,Gull-billed tern
Hairy woodpecker,1,Hairy woodpecker
Hawaiian crow,1,Hawaiian crow
Hawaiian hawk,1,Hawaiian hawk
Hawaiian petrel,1,Hawaiian petrel
Hawfinch,1,Hawfinch
Hepatic tanager,1,Hepatic tanager
Herald petrel,1,Herald petrel
Hermit thrush,1,Hermit thrush
Himalayan snowcock,1,Himalayan snowcock
Hooded oriole,1,Hooded oriole
Hooded warbler,1,Hooded warbler
Hook-billed kite,1,Hook-billed kite
Horned grebe,1,Horned grebe
Horned lark,1,Horned lark
Horned puffin,1,Horned puffin
House finch,1,House finch
House sparrow,1,House sparrow
House wren,1,House wren
Hudsonian godwit,1,Hudsonian godwit
Iceland gull,1,Iceland gull
Inca dove,1,Inca dove
Indian silverbill,1,Indian silverbill
Indigo bunting,1,Indigo bunting
Intermediate egret,1,Intermediate egret
Ivory gull,1,Ivory gull
Ivory-billed woodpecker,1,Ivory-billed woodpecker
Jabiru,1,Jabiru
Jack snipe,1,Jack snipe
Japanese bush warbler,1,Japanese bush warbler
Japanese quail,1,Japanese quail
Japanese white-eye,1,Japanese white-eye
Java sparrow,1,Java sparrow
Juniper titmouse,1,Juniper titmouse
Kalij pheasant,1,Kalij pheasant
Kamchatka leaf warbler,1,Kamchatka leaf warbler
Kelp gull,1,Kelp gull
Kentucky warbler,1,Kentucky warbler
Key West quail-dove,1,Key West quail-dove
Killdeer,1,Killdeer
Kioea,1,Kioea
Kona grosbeak,1,Kona grosbeak
Ladder-backed woodpecker,1,Ladder-backed woodpecker
Lanceolated warbler,1,Lanceolated warbler
Lapland longspur,1,Lapland longspur
Large-billed tern,1,Large-billed tern
Lark bunting,1,Lark bunting
Lark sparrow,1,Lark sparrow
Lavender waxbill,1,Lavender waxbill
Laysan albatross,1,Laysan albatross
Laysan finch,1,Laysan finch
Laysan honeycreeper,1,Laysan honeycreeper
Laysan rail,1,Laysan rail
Lazuli bunting,1,Lazuli bunting
Least auklet,1,Least auklet
Least bittern,1,Least bittern
Least flycatcher,1,Least flycatcher
Least grebe,1,Least grebe
Least sandpiper,1,Least sandpiper
Least tern,1,Least tern
Lesser akialoa,1,Lesser akialoa
Lesser black-backed gull,1,Lesser black-backed gull
Lesser nighthawk,1,Lesser nighthawk
Lesser whitethroat,1,Lesser whitethroat
Lesser yellowlegs,1,Lesser yellowlegs
Light-mantled albatross,1,Light-mantled albatross
Limpkin,1,Limpkin
Little blue heron,1,Little blue heron
Little bunting,1,Little bunting
Little curlew,1,Little curlew
Little egret,1,Little egret
Little gull,1,Little gull
Little ringed plover,1,Little ringed plover
Little stint,1,Little stint
Loggerhead kingbird,1,Loggerhead kingbird
Loggerhead shrike,1,Loggerhead shrike
Long-billed curlew,1,Long-billed curlew
Long-billed dowitcher,1,Long-billed dowitcher
Long-billed thrasher,1,Long-billed thrasher
Long-eared owl,1,Long-eared owl
Long-tailed jaeger,1,Long-tailed jaeger
Long-toed stint,1,Long-toed stint
Magnificent frigatebird,1,Magnificent frigatebird
Magnolia warbler,1,Magnolia warbler
Mangrove cuckoo,1,Mangrove cuckoo
Mangrove swallow,1,Mangrove swallow
Manx shearwater,1,Manx shearwater
Marbled godwit,1,Marbled godwit
Marbled murrelet,1,Marbled murrelet
Mariana swiftlet,1,Mariana swiftlet
Marsh wren,1,Marsh wren
Masked booby,1,Masked booby
Masked tityra,1,Masked tityra
Maui akepa,1,Maui akepa
Maui nukupuu,1,Maui nukupuu
Maui parrotbill,1,Maui parrotbill
Mexican chickadee,1,Mexican chickadee
Mexican jay,1,Mexican jay
Mexican violetear,1,Mexican violetear
Mexican whip-poor-will,1,Mexican whip-poor-will
Millerbird,1,Millerbird
Monk parakeet,1,Monk parakeet
Mottled owl,1,Mottled owl
Mottled petrel,1,Mottled petrel
Mountain chickadee,1,Mountain chickadee
Mountain plover,1,Mountain plover
Mugimaki flycatcher,1,Mugimaki flycatcher
Mute swan,1,Mute swan
Nanday parakeet,1,Nanday parakeet
Nashville warbler,1,Nashville warbler
Neotropic cormorant,1,Neotropic cormorant
Nihoa finch,1,Nihoa finch
Northern cardinal,1,Northern cardinal
Northern flicker,1,Northern flicker
Northern gannet,1,Northern gannet
Northern goshawk,1,Northern goshawk
Northern harrier,1,Northern harrier
Northern lapwing,1,Northern lapwing
Northern mockingbird,1,Northern mockingbird
Northern rough-winged swallow,1,Northern rough-winged swallow
Northern saw-whet owl,1,Northern saw-whet owl
Northern shrike,1,Northern shrike
Northern waterthrush,1,Northern waterthrush
Northern wheatear,1,Northern wheatear
Northwestern crow,1,Northwestern crow
Oahu akepa,1,Oahu akepa
Oahu alauahio,1,Oahu alauahio
Oahu amakihi,1,Oahu amakihi
Oahu nukupuu,1,Oahu nukupuu
Oak titmouse,1,Oak titmouse
Olive sparrow,1,Olive sparrow
Olive warbler,1,Olive warbler
Olive-backed pipit,1,Olive-backed pipit
Olive-sided flycatcher,1,Olive-sided flycatcher
Orange-billed nightingale-thrush,1,Orange-billed nightingale-thrush
Orange-cheeked waxbill,1,Orange-cheeked waxbill
Orange-crowned warbler,1,Orange-crowned warbler
Orchard oriole,1,Orchard oriole
Oriental cuckoo,1,Oriental cuckoo
Oriental pratincole,1,Oriental pratincole
Osprey,1,Osprey
Ovenbird,1,Ovenbird
Pacific loon,1,Pacific loon
Pacific swift,1,Pacific swift
Pacific wren,1,Pacific wren
Pacific-slope flycatcher,1,Pacific-slope flycatcher
Paint-billed crake,1,Paint-billed crake
Painted bunting,1,Painted bunting
Palila,1,Palila
Palm warbler,1,Palm warbler
Parakeet auklet,1,Parakeet auklet
Parasitic jaeger,1,Parasitic jaeger
Passenger pigeon,1,Passenger pigeon
Pechora pipit,1,Pechora pipit
Pectoral sandpiper,1,Pectoral sandpiper
Pelagic cormorant,1,Pelagic cormorant
Peregrine falcon,1,Peregrine falcon
Phainopepla,1,Phainopepla
Philadelphia vireo,1,Philadelphia vireo
Pied-billed grebe,1,Pied-billed grebe
Pigeon guillemot,1,Pigeon guillemot
Pileated woodpecker,1,Pileated woodpecker
Pine grosbeak,1,Pine grosbeak
Pine siskin,1,Pine siskin
Pine warbler,1,Pine warbler
Pink-footed shearwater,1,Pink-footed shearwater
Pinyon jay,1,Pinyon jay
Piping plover,1,Piping plover
Piratic flycatcher,1,Piratic flycatcher
Plain-capped starthroat,1,Plain-capped starthroat
Plumbeous vireo,1,Plumbeous vireo
Pomarine jaeger,1,Pomarine jaeger
Prairie falcon,1,Prairie falcon
Prairie warbler,1,Prairie warbler
Prothonotary warbler,1,Prothonotary warbler
Providence petrel,1,Providence petrel
Puaiohi,1,Puaiohi
Purple finch,1,Purple finch
Purple martin,1,Purple martin
Purple sandpiper,1,Purple sandpiper
Pygmy nuthatch,1,Pygmy nuthatch
Pyrrhuloxia,1,Pyrrhuloxia
Razorbill,1,Razorbill
Red avadavat,1,Red avadavat
Red crossbill,1,Red crossbill
Red knot,1,Red knot
Red phalarope,1,Red phalarope
Red-billed leiothrix,1,Red-billed leiothrix
Red-billed pigeon,1,Red-billed pigeon
Red-billed tropicbird,1,Red-billed tropicbird
Red-breasted nuthatch,1,Red-breasted nuthatch
Red-breasted sapsucker,1,Red-breasted sapsucker
Red-cockaded woodpecker,1,Red-cockaded woodpecker
Red-crested cardinal,1,Red-crested cardinal
Reddish egret,1,Reddish egret
Red-eyed vireo,1,Red-eyed vireo
Red-faced cormorant,1,Red-faced cormorant
Red-faced warbler,1,Red-faced warbler
Red-flanked bluetail,1,Red-flanked bluetail
Red-footed booby,1,Red-footed booby
Red-footed falcon,1,Red-footed falcon
Red-headed woodpecker,1,Red-headed woodpecker
Red-legged honeycreeper,1,Red-legged honeycreeper
Red-legged kittiwake,1,Red-legged kittiwake
Red-legged thrush,1,Red-legged thrush
Red-naped sapsucker,1,Red-naped sapsucker
Red-necked grebe,1,Red-necked grebe
Red-necked phalarope,1,Red-necked phalarope
Red-necked stint,1,Red-necked stint
Red-shouldered hawk,1,Red-shouldered hawk
Red-tailed hawk,1,Red-tailed hawk
Red-tailed tropicbird,1,Red-tailed tropicbird
Red-throated loon,1,Red-throated loon
Red-throated pipit,1,Red-throated pipit
Red-vented bulbul,1,Red-vented bulbul
Red-whiskered bulbul,1,Red-whiskered bulbul
Redwing,1,Redwing
Rhinoceros auklet,1,Rhinoceros auklet
Ring-billed gull,1,Ring-billed gull
Ringed kingfisher,1,Ringed kingfisher
Roadside hawk,1,Roadside hawk
Rock ptarmigan,1,Rock ptarmigan
Rock sandpiper,1,Rock sandpiper
Rock wren,1,Rock wren
Roseate spoonbill,1,Roseate spoonbill
Roseate tern,1,Roseate tern
Rose-breasted grosbeak,1,Rose-breasted grosbeak
Rose-ringed parakeet,1,Rose-ringed parakeet
Rose-throated becard,1,Rose-throated becard
Royal tern,1,Royal tern
Ruby-crowned kinglet,1,Ruby-crowned kinglet
Ruby-throated hummingbird,1,Ruby-throated hummingbird
Ruddy quail-dove,1,Ruddy quail-dove
Ruddy turnstone,1,Ruddy turnstone
Ruff,1,Ruff
Ruffed grouse,1,Ruffed grouse
Rufous hummingbird,1,Rufous hummingbird
Rufous-capped warbler,1,Rufous-capped warbler
Rufous-crowned sparrow,1,Rufous-crowned sparrow
Rufous-tailed robin,1,Rufous-tailed robin
Rufous-winged sparrow,1,Rufous-winged sparrow
Rustic bunting,1,Rustic bunting
Rusty blackbird,1,Rusty blackbird
Saffron finch,1,Saffron finch
Sage thrasher,1,Sage thrasher
Sagebrush sparrow,1,Sagebrush sparrow
Saltmarsh sparrow,1,Saltmarsh sparrow
Sandhill crane,1,Sandhill crane
Sandwich tern,1,Sandwich tern
Savannah sparrow,1,Savannah sparrow
Scaly-breasted munia,1,Scaly-breasted munia
Scaly-naped pigeon,1,Scaly-naped pigeon
Scarlet ibis,1,Scarlet ibis
Scarlet tanager,1,Scarlet tanager
Scissor-tailed flycatcher,1,Scissor-tailed flycatcher
Seaside sparrow,1,Seaside sparrow
Sedge warbler,1,Sedge warbler
Sedge wren,1,Sedge wren
Semipalmated plover,1,Semipalmated plover
Semipalmated sandpiper,1,Semipalmated sandpiper
Sharp-shinned hawk,1,Sharp-shinned hawk
Sharp-tailed grouse,1,Sharp-tailed grouse
Sharp-tailed sandpiper,1,Sharp-tailed sandpiper
Shiny cowbird,1,Shiny cowbird
Short-billed dowitcher,1,Short-billed dowitcher
Short-eared owl,1,Short-eared owl
Short-tailed albatross,1,Short-tailed albatross
Short-tailed hawk,1,Short-tailed hawk
Short-tailed shearwater,1,Short-tailed shearwater
Siberian accentor,1,Siberian accentor
Siberian blue robin,1,Siberian blue robin
Sinaloa wren,1,Sinaloa wren
Slaty-backed gull,1,Slaty-backed gull
Slender-billed curlew,1,Slender-billed curlew
Smew,1,Smew
Smooth-billed ani,1,Smooth-billed ani
Snail kite,1,Snail kite
Snow bunting,1,Snow bunting
Snowy egret,1,Snowy egret
Snowy owl,1,Snowy owl
Snowy plover,1,Snowy plover
Social flycatcher,1,Social flycatcher
Solitary sandpiper,1,Solitary sandpiper
Solitary snipe,1,Solitary snipe
Song sparrow,1,Song sparrow
Song thrush,1,Song thrush
Sooty grouse,1,Sooty grouse
Sooty tern,1,Sooty tern
South polar skua,1,South polar skua
Southern martin,1,Southern martin
Spoon-billed sandpiper,1,Spoon-billed sandpiper
Spot-breasted oriole,1,Spot-breasted oriole
Spotted dove,1,Spotted dove
Spotted flycatcher,1,Spotted flycatcher
Spotted owl,1,Spotted owl
Spotted rail,1,Spotted rail
Spotted redshank,1,Spotted redshank
Spotted sandpiper,1,Spotted sandpiper
Spotted towhee,1,Spotted towhee
Spruce grouse,1,Spruce grouse
Stilt sandpiper,1,Stilt sandpiper
Streak-backed oriole,1,Streak-backed oriole
Streaked shearwater,1,Streaked shearwater
Sulphur-bellied flycatcher,1,Sulphur-bellied flycatcher
Summer tanager,1,Summer tanager
Sungrebe,1,Sungrebe
Surfbird,1,Surfbird
Swallow-tailed gull,1,Swallow-tailed gull
Swallow-tailed kite,1,Swallow-tailed kite
Swamp sparrow,1,Swamp sparrow
Taiga flycatcher,1,Taiga flycatcher
Tamaulipas crow,1,Tamaulipas crow
Tawny-shouldered blackbird,1,Tawny-shouldered blackbird
Tennessee warbler,1,Tennessee warbler
Terek sandpiper,1,Terek sandpiper
Thick-billed kingbird,1,Thick-billed kingbird
Thick-billed murre,1,Thick-billed murre
Thick-billed parrot,1,Thick-billed parrot
Thick-billed vireo,1,Thick-billed vireo
Tree pipit,1,Tree pipit
Tree swallow,1,Tree swallow
Tricolored blackbird,1,Tricolored blackbird
Tropical kingbird,1,Tropical kingbird
Tropical parula,1,Tropical parula
Trumpeter swan,1,Trumpeter swan
Tufted puffin,1,Tufted puffin
Tufted titmouse,1,Tufted titmouse
Turkey vulture,1,Turkey vulture
Upland sandpiper,1,Upland sandpiper
Varied bunting,1,Varied bunting
Varied thrush,1,Varied thrush
Variegated flycatcher,1,Variegated flycatcher
Veery,1,Veery
Verdin,1,Verdin
Vermilion flycatcher,1,Vermilion flycatcher
Vesper sparrow,1,Vesper sparrow
Violet-crowned hummingbird,1,Violet-crowned hummingbird
Violet-green swallow,1,Violet-green swallow
Virginia rail,1,Virginia rail
Wandering albatross,1,Wandering albatross
Wandering tattler,1,Wandering tattler
Warbling vireo,1,Warbling vireo
Wedge-tailed shearwater,1,Wedge-tailed shearwater
Western bluebird,1,Western bluebird
Western grebe,1,Western grebe
Western gull,1,Western gull
Western kingbird,1,Western kingbird
Western meadowlark,1,Western meadowlark
Western sandpiper,1,Western sandpiper
Western spindalis,1,Western spindalis
Western tanager,1,Western tanager
Whimbrel,1,Whimbrel
Whiskered auklet,1,Whiskered auklet
Whiskered tern,1,Whiskered tern
White wagtail,1,White wagtail
White-breasted nuthatch,1,White-breasted nuthatch
White-capped albatross,1,White-capped albatross
White-chinned petrel,1,White-chinned petrel
White-collared seedeater,1,White-collared seedeater
White-collared swift,1,White-collared swift
White-crested elaenia,1,White-crested elaenia
White-crowned pigeon,1,White-crowned pigeon
White-crowned sparrow,1,White-crowned sparrow
White-eared hummingbird,1,White-eared hummingbird
White-eyed vireo,1,White-eyed vireo
White-faced ibis,1,White-faced ibis
White-headed woodpecker,1,White-headed woodpecker
White-necked petrel,1,White-necked petrel
White-rumped sandpiper,1,White-rumped sandpiper
White-rumped shama,1,White-rumped shama
White-tailed eagle,1,White-tailed eagle
White-tailed hawk,1,White-tailed hawk
White-tailed kite,1,White-tailed kite
White-tailed ptarmigan,1,White-tailed ptarmigan
White-tailed tropicbird,1,White-tailed tropicbird
White-throated needletail,1,White-throated needletail
White-throated sparrow,1,White-throated sparrow
White-throated swift,1,White-throated swift
White-tipped dove,1,White-tipped dove
White-winged parakeet,1,White-winged parakeet
White-winged tern,1,White-winged tern
Whooping crane,1,Whooping crane
Wild turkey,1,Wild turkey
Willet,1,Willet
Willow ptarmigan,1,Willow ptarmigan
Willow warbler,1,Willow warbler
Winter wren,1,Winter wren
Wood sandpiper,1,Wood sandpiper
Wood stork,1,Wood stork
Wood thrush,1,Wood thrush
Wood warbler,1,Wood warbler
Worm-eating warbler,1,Worm-eating warbler
Wrentit,1,Wrentit
Yellow bittern,1,Yellow bittern
Yellow rail,1,Yellow rail
Yellow-bellied flycatcher,1,Yellow-bellied flycatcher
Yellow-bellied sapsucker,1,Yellow-bellied sapsucker
Yellow-billed cardinal,1,Yellow-billed cardinal
Yellow-billed cuckoo,1,Yellow-billed cuckoo
Yellow-billed loon,1,Yellow-billed loon
Yellow-billed magpie,1,Yellow-billed magpie
Yellow-breasted bunting,1,Yellow-breasted bunting
Yellow-breasted chat,1,Yellow-breasted chat
Yellow-browed bunting,1,Yellow-browed bunting
Yellow-browed warbler,1,Yellow-browed warbler
Yellow-eyed junco,1,Yellow-eyed junco
Yellow-faced grassquit,1,Yellow-faced grassquit
Yellow-footed gull,1,Yellow-footed gull
Yellow-fronted canary,1,Yellow-fronted canary
Yellow-green vireo,1,Yellow-green vireo
Yellow-headed blackbird,1,Yellow-headed blackbird
Yellow-legged gull,1,Yellow-legged gull
Yellow-rumped warbler,1,Yellow-rumped warbler
Yellow-throated bunting,1,Yellow-throated bunting
Yellow-throated vireo,1,Yellow-throated vireo
Yellow-throated warbler,1,Yellow-throated warbler
Yucatan vireo,1,Yucatan vireo
Zebra dove,1,Zebra dove
Zenaida dove,1,Zenaida dove
Zone-tailed hawk,1,Zone-tailed hawk
Barnacle goose,2,Barnacle goose
Black scoter,2,Black scoter
Blue-winged teal,2,Blue-winged teal
Bufflehead,2,Bufflehead
Cackling goose,2,Cackling goose
California quail,2,California quail
Canvasback,2,Canvasback
Cinnamon teal,2,Cinnamon teal
Common goldeneye,2,Common goldeneye
Common merganser,2,Common merganser
Common pochard,2,Common pochard
Common scoter,2,Common scoter
Egyptian goose,2,Egyptian goose
Emperor goose,2,Emperor goose
Eurasian wigeon,2,Eurasian wigeon
Falcated duck,2,Falcated duck
Gadwall,2,Gadwall
Garganey,2,Garganey
Greater scaup,2,Greater scaup
Greater white-fronted goose,2,Greater white-fronted goose
Green-winged teal,2,Green-winged teal
Harlequin duck,2,Harlequin duck
Hawaiian duck,2,Hawaiian duck
Helmeted guineafowl,2,Helmeted guineafowl
Hooded merganser,2,Hooded merganser
King eider,2,King eider
Labrador duck,2,Labrador duck
Laysan duck,2,Laysan duck
Lesser scaup,2,Lesser scaup
Lesser white-fronted goose,2,Lesser white-fronted goose
Long-tailed duck,2,Long-tailed duck
Mallard,2,Mallard
Masked duck,2,Masked duck
Montezuma quail,2,Montezuma quail
Mottled duck,2,Mottled duck
Mountain quail,2,Mountain quail
Muscovy duck,2,Muscovy duck
Northern bobwhite,2,Northern bobwhite
Northern pintail,2,Northern pintail
Northern shoveler,2,Northern shoveler
Pink-footed goose,2,Pink-footed goose
Plain chachalaca,2,Plain chachalaca
Red-breasted merganser,2,Red-breasted merganser
Ring-necked duck,2,Ring-necked duck
Ruddy duck,2,Ruddy duck
Scaled quail,2,Scaled quail
Snow goose,2,Snow goose
Spectacled eider,2,Spectacled eider
Surf scoter,2,Surf scoter
Tufted duck,2,Tufted duck
Tundra swan,2,Tundra swan
White-cheeked pintail,2,White-cheeked pintail
White-winged scoter,2,White-winged scoter
Whooper swan,2,Whooper swan
Wood duck,2,Wood duck
